sourcePostId,sourceUrl,publishedAt,brand,model,year,trim,mileage,engine,powerHp,consumption,transmission,drive,safety,interior,damage,vin,auctionDate,estimatedBidUsd,priceRub,customsRub,lot,calculationDate,photos,rawText
3533,https://t.me/AutoWorld_Georgia/3533,2026-09-01T07:31:31+00:00,Chevrolet,Trax,2023,SP,62000км,"1,2l на 139HP",139.0,,АКПП-6,передний FWD,"""завод""",текстиль,,KL77LFE22RC081143,,,,,,01.09.2026,https://storage.yandexcloud.net/viiversion-auto-sale-media/cars/autoworld-3533/main-1790168443581-main-1-f62fc81e.jpg | https://storage.yandexcloud.net/viiversion-auto-sale-media/cars/autoworld-3533/other-1790168444323-other-2-e178aa00.jpg | https://storage.yandexcloud.net/viiversion-auto-sale-media/cars/autoworld-3533/other-1790168444924-other-3-f98c5f93.jpg | https://storage.yandexcloud.net/viiversion-auto-sale-media/cars/autoworld-3533/other-1790168445509-other-4-fd2a6c09.jpg | https://storage.yandexcloud.net/viiversion-auto-sale-media/cars/autoworld-3533/other-1790168446055-other-5-dbb7e9fa.jpg | https://storage.yandexcloud.net/viiversion-auto-sale-media/cars/autoworld-3533/other-1790168446366-other-6-6ffb609d.jpg | https://storage.yandexcloud.net/viiversion-auto-sale-media/cars/autoworld-3533/other-1790168446835-other-7-69ba7516.jpg | https://storage.yandexcloud.net/viiversion-auto-sale-media/cars/autoworld-3533/other-1790168447403-other-8-7c3238b0.jpg,"🤩
🤩
🤩
🤩
🤩
🤩
до
1⃣
6⃣
🤩
🌟
Chevrolet Trax 06/23г.
🚗
✨
1️⃣
🤩
7️⃣
9️⃣
🔤
🔤
🔤
🔹
комплектация SP
🔹
Пробег:  62000км
👍
🔹
Двигатель: 1,2l на 139HP
🐎
💨
🔹
Коробка: АКПП-6
🔹
Привод: передний FWD
🔹
Безопасность ""завод""
🔹
Салон текстиль
🛋
📜
История автомобиля
👇
KL77LFE22RC081143
🔎
1908АРГ0844
расчёт 01.09.2026г.
💵
87"
3543,https://t.me/AutoWorld_Georgia/3543,2026-09-01T07:52:00+00:00,Honda,HR-V,2022,SPORT,39000км,"1,8l на 141HP",141.0,,CVT,полный AWD,"""завод""",текстиль,,3CZRU6H13NM770526,,,,,,01.09.2026,https://storage.yandexcloud.net/viiversion-auto-sale-media/cars/autoworld-3543/main-1790168447731-main-1-f8bb3e3a.jpg | https://storage.yandexcloud.net/viiversion-auto-sale-media/cars/autoworld-3543/other-1790168448282-other-2-385a8933.jpg | https://storage.yandexcloud.net/viiversion-auto-sale-media/cars/autoworld-3543/other-1790168448646-other-3-07f02399.jpg | https://storage.yandexcloud.net/viiversion-auto-sale-media/cars/autoworld-3543/other-1790168448974-other-4-f592af64.jpg | https://storage.yandexcloud.net/viiversion-auto-sale-media/cars/autoworld-3543/other-1790168449337-other-5-46017cd3.jpg | https://storage.yandexcloud.net/viiversion-auto-sale-media/cars/autoworld-3543/other-1790168449667-other-6-5448b644.jpg | https://storage.yandexcloud.net/viiversion-auto-sale-media/cars/autoworld-3543/other-1790168450233-other-7-76469aa7.jpg | https://storage.yandexcloud.net/viiversion-auto-sale-media/cars/autoworld-3543/other-1790168450760-other-8-cb62e47e.jpg,"🤩
🤩
🤩
🤩
🤩
🤩
до
1⃣
6⃣
🤩
🌟
Honda HR-V 03/22г.
🚗
✨
2️⃣
🤩
2️⃣
5️⃣
🔤
🔤
🔤
🔹
комплектация SPORT
🔹
Пробег:  39000км
👍
🔹
Двигатель: 1,8l на 141HP
🐎
💨
🔹
Коробка: CVT
🔹
Привод: полный AWD
🔹
Безопасность ""завод""
🔹
Салон текстиль
🛋
📜
История автомобиля
👇
3CZRU6H13NM770526
🔎
1908АРГ1534
расчёт 01.09.2026г.
💵
87"
3553,https://t.me/AutoWorld_Georgia/3553,2026-09-01T08:13:01+00:00,NISSAN,Rogue Sport (Qashqai),2023,SV,41000км,"2,0l на 141HP",141.0,,CVT,полный AWD,"""завод""",текстиль,,JN1BJ1BW3PW106871,,,,,,01.09.2026,https://storage.yandexcloud.net/viiversion-auto-sale-media/cars/autoworld-3553/main-1790168451073-main-1-71e71676.jpg | https://storage.yandexcloud.net/viiversion-auto-sale-media/cars/autoworld-3553/other-1790168451501-other-2-f605653a.jpg | https://storage.yandexcloud.net/viiversion-auto-sale-media/cars/autoworld-3553/other-1790168452064-other-3-38541bf0.jpg | https://storage.yandexcloud.net/viiversion-auto-sale-media/cars/autoworld-3553/other-1790168452643-other-4-3b1c93d0.jpg | https://storage.yandexcloud.net/viiversion-auto-sale-media/cars/autoworld-3553/other-1790168452978-other-5-b9d412ac.jpg | https://storage.yandexcloud.net/viiversion-auto-sale-media/cars/autoworld-3553/other-1790168453305-other-6-f50e663f.jpg | https://storage.yandexcloud.net/viiversion-auto-sale-media/cars/autoworld-3553/other-1790168453862-other-7-272f196c.jpg | https://storage.yandexcloud.net/viiversion-auto-sale-media/cars/autoworld-3553/other-1790168454238-other-8-119e3e71.jpg,"🤩
🤩
🤩
🤩
🤩
🤩
до
1⃣
6⃣
🤩
🌟
NISSAN Rogue Sport (Qashqai) 06/23
🚗
✨
2️⃣
🤩
2️⃣
9️⃣
🔤
🔤
🔤
🔹
комплектация SV
🔹
Пробег:  41000км
👍
🔹
Двигатель: 2,0l на 141HP
🐎
💨
🔹
Коробка: CVT
🔹
Привод: полный AWD
🔹
Безопасность ""завод""
🔹
Салон текстиль
🛋
📜
История автомобиля
👇
JN1BJ1BW3PW106871
🔎
2008АРГ0805
расчёт 01.09.2026г.
💵
87"
3561,https://t.me/AutoWorld_Georgia/3561,2026-09-01T08:36:33+00:00,,,,LXS,♦️,"2,0l на 147HP",147.0,,CVT,передний FWD,"""завод""",текстиль,,3KPFT4DE8TE274511,,,2720000,,,01.09.2026,https://storage.yandexcloud.net/viiversion-auto-sale-media/cars/autoworld-3561/main-1790168454818-main-1-98320974.jpg | https://storage.yandexcloud.net/viiversion-auto-sale-media/cars/autoworld-3561/other-1790168455403-other-2-c66f96e7.jpg | https://storage.yandexcloud.net/viiversion-auto-sale-media/cars/autoworld-3561/other-1790168455944-other-3-3f619587.jpg | https://storage.yandexcloud.net/viiversion-auto-sale-media/cars/autoworld-3561/other-1790168456276-other-4-66c03ba4.jpg | https://storage.yandexcloud.net/viiversion-auto-sale-media/cars/autoworld-3561/other-1790168456582-other-5-b472158c.jpg | https://storage.yandexcloud.net/viiversion-auto-sale-media/cars/autoworld-3561/other-1790168457133-other-6-a7275749.jpg | https://storage.yandexcloud.net/viiversion-auto-sale-media/cars/autoworld-3561/other-1790168457557-other-7-9ea2314e.jpg | https://storage.yandexcloud.net/viiversion-auto-sale-media/cars/autoworld-3561/other-1790168458207-other-8-5c25a3f6.jpg,"🤩
🤩
🤩
🤩
🤩
🤩
до
1⃣
6⃣
🤩
*
🌟
KIA K4 01/26г.
🚗
✨
2️⃣
🤩
5️⃣
5️⃣
🔤
🔤
🔤
**
🔹
комплектация LXS
🔹
Пробег:
♦️
3000км
👍
🔹
Двигатель: 2,0l на 147HP
🐎
💨
🔹
Коробка: CVT
🔹
Привод: передний FWD
🔹
Безопасность ""завод""
🔹
Салон текстиль
🛋
📜
История автомобиля
👇
3KPFT4DE8TE274511
🔎
2008АРГ2306
расчёт 01.09.2026г.
💵
87
* автомобиль аукционный без ремонта!
** стоимость автомобиля под ключ с ремонтом 2,72 млн.руб."
3569,https://t.me/AutoWorld_Georgia/3569,2026-09-01T08:57:30+00:00,Chevrolet,Trailblazer,2023,ACTIVE,72000км,"1,3l на 155HP",155.0,,АКПП-9,полный AWD,"""завод""",кожа,,KL79MSSL4PB207923,,,,,,01.09.2026,https://storage.yandexcloud.net/viiversion-auto-sale-media/cars/autoworld-3569/main-1790168458609-main-1-db72c64a.jpg | https://storage.yandexcloud.net/viiversion-auto-sale-media/cars/autoworld-3569/other-1790168459435-other-2-17dd652c.jpg | https://storage.yandexcloud.net/viiversion-auto-sale-media/cars/autoworld-3569/other-1790168459976-other-3-6b1dba60.jpg | https://storage.yandexcloud.net/viiversion-auto-sale-media/cars/autoworld-3569/other-1790168460609-other-4-d53aee15.jpg | https://storage.yandexcloud.net/viiversion-auto-sale-media/cars/autoworld-3569/other-1790168461182-other-5-74d5aa07.jpg | https://storage.yandexcloud.net/viiversion-auto-sale-media/cars/autoworld-3569/other-1790168461785-other-6-b32e09d3.jpg | https://storage.yandexcloud.net/viiversion-auto-sale-media/cars/autoworld-3569/other-1790168462334-other-7-b4382800.jpg | https://storage.yandexcloud.net/viiversion-auto-sale-media/cars/autoworld-3569/other-1790168462654-other-8-de7907b9.jpg,"🤩
🤩
🤩
🤩
🤩
🤩
до
1⃣
6⃣
🤩
🌟
Chevrolet Trailblazer 06/23г.
🚗
✨
2️⃣
🤩
1️⃣
6️⃣
🔤
🔤
🔤
🔹
комплектация ACTIVE
🔹
Пробег:  72000км
👍
🔹
Двигатель: 1,3l на 155HP
🐎
💨
🔹
Коробка: АКПП-9
🔹
Привод: полный AWD
🔹
Безопасность ""завод""
🔹
Салон кожа
🛋
📜
История автомобиля
👇
KL79MSSL4PB207923
🔎
2208АРГ2249
расчёт 01.09.2026г.
💵
87"
3577,https://t.me/AutoWorld_Georgia/3577,2026-09-01T09:30:42+00:00,HYUNDAI,ELANTRA,2022,LIMITED,70000км,2.0l на 147HP,147.0,,CVT,передний FWD,"""90% завод""",кожа,,KMHLP4AG7NU333089,,,,,,01.09.2026,https://storage.yandexcloud.net/viiversion-auto-sale-media/cars/autoworld-3577/main-1790168463231-main-1-ffbf196d.jpg | https://storage.yandexcloud.net/viiversion-auto-sale-media/cars/autoworld-3577/other-1790168463811-other-2-8f37c75b.jpg | https://storage.yandexcloud.net/viiversion-auto-sale-media/cars/autoworld-3577/other-1790168464372-other-3-729b90a1.jpg | https://storage.yandexcloud.net/viiversion-auto-sale-media/cars/autoworld-3577/other-1790168464783-other-4-89fb8583.jpg | https://storage.yandexcloud.net/viiversion-auto-sale-media/cars/autoworld-3577/other-1790168465379-other-5-bedbab9b.jpg | https://storage.yandexcloud.net/viiversion-auto-sale-media/cars/autoworld-3577/other-1790168465719-other-6-76f6b1e8.jpg | https://storage.yandexcloud.net/viiversion-auto-sale-media/cars/autoworld-3577/other-1790168466270-other-7-0053066c.jpg | https://storage.yandexcloud.net/viiversion-auto-sale-media/cars/autoworld-3577/other-1790168466630-other-8-8891c148.jpg,"🤩
🤩
🤩
🤩
🤩
🤩
до
1⃣
6⃣
🤩
🌟
HYUNDAI ELANTRA 02/22г.
🚗
✨
2️⃣
🤩
1️⃣
🔤
🔤
🔤
🔹
комплектация LIMITED
🔹
Пробег:  70000км
👍
🔹
Двигатель: 2.0l на 147HP
🐎
💨
🔹
Коробка: CVT
🔹
Привод:  передний FWD
🔹
Безопасность ""90% завод""
🔹
Салон кожа
🛋
📜
История автомобиля
👇
KMHLP4AG7NU333089
🔎
2808АРГ1442
расчёт 01.09.2026г.
💵
87"
3586,https://t.me/AutoWorld_Georgia/3586,2026-09-01T09:55:13+00:00,Buick,Envista,2023,Preferred,53500км,"1,2l на 139HP",139.0,,АКПП-6,передний FWD,"""завод""",комбинированный,,KL47LAE2XRB021326,,,,,,01.09.2026,https://storage.yandexcloud.net/viiversion-auto-sale-media/cars/autoworld-3586/main-1790168467205-main-1-4b6b599a.jpg | https://storage.yandexcloud.net/viiversion-auto-sale-media/cars/autoworld-3586/other-1790168467746-other-2-3a7a717a.jpg | https://storage.yandexcloud.net/viiversion-auto-sale-media/cars/autoworld-3586/other-1790168468188-other-3-dd662752.jpg | https://storage.yandexcloud.net/viiversion-auto-sale-media/cars/autoworld-3586/other-1790168468524-other-4-ede9273f.jpg | https://storage.yandexcloud.net/viiversion-auto-sale-media/cars/autoworld-3586/other-1790168468865-other-5-1a4d31bd.jpg | https://storage.yandexcloud.net/viiversion-auto-sale-media/cars/autoworld-3586/other-1790168469203-other-6-735f4351.jpg | https://storage.yandexcloud.net/viiversion-auto-sale-media/cars/autoworld-3586/other-1790168469788-other-7-e74d2a07.jpg | https://storage.yandexcloud.net/viiversion-auto-sale-media/cars/autoworld-3586/other-1790168470134-other-8-cc2e4d15.jpg,"🤩
🤩
🤩
🤩
🤩
🤩
до
1⃣
6⃣
🤩
🌟
Buick Envista 06/23г.
🚗
✨
2️⃣
🤩
1️⃣
5️⃣
🔤
🔤
🔤
🔹
комплектация Preferred
🔹
Пробег:  53500км
👍
🔹
Двигатель: 1,2l на 139HP
🐎
💨
🔹
Коробка: АКПП-6
🔹
Привод: передний FWD
🔹
Безопасность ""завод""
🔹
Салон комбинированный
🛋
📜
История автомобиля
👇
KL47LAE2XRB021326
🔎
0109АРГ1207
расчёт 01.09.2026г.
💵
87"
3597,https://t.me/AutoWorld_Georgia/3597,2026-09-02T09:31:12+00:00,на,,2009,LT,7800ml,1.3l на 155HP,155.0,,АКПП -9,полный AWD,,текстиль,"""сзади слева""",KL79MRSL9TB118139,03.09.2026,,2600000,,45556849,02.09.2026,https://storage.yandexcloud.net/viiversion-auto-sale-media/cars/autoworld-3597/main-1790168470532-main-1-e4b8a764.jpg | https://storage.yandexcloud.net/viiversion-auto-sale-media/cars/autoworld-3597/other-1790168471112-other-2-147c1dbb.jpg | https://storage.yandexcloud.net/viiversion-auto-sale-media/cars/autoworld-3597/other-1790168471576-other-3-21432bf1.jpg | https://storage.yandexcloud.net/viiversion-auto-sale-media/cars/autoworld-3597/other-1790168472016-other-4-f0e9add2.jpg | https://storage.yandexcloud.net/viiversion-auto-sale-media/cars/autoworld-3597/other-1790168472547-other-6-924e3f83.jpg | https://storage.yandexcloud.net/viiversion-auto-sale-media/cars/autoworld-3597/other-1790168473168-other-7-7693b7e4.jpg | https://storage.yandexcloud.net/viiversion-auto-sale-media/cars/autoworld-3597/other-1790168473840-other-8-01a6d116.jpg,"👤
👤
👤
👤
👤
👤
👤
на 03.09
🌟
Chevrolet Trailblazer 11/25г.
✨
2️⃣
🤩
4️⃣
4️⃣
🔤
🔤
🔤
*
🔹
комплектация
LT
🔹
Пробег:
7800ml
👍
🔹
Двигатель:
1.3l на 155HP
🐎
💨
🔹
Коробка
: АКПП -9
🔹
Привод:
полный AWD
🔹
Салон текстиль
🛋
🔹
Повреждения ""сзади слева""
📜
История автомобиля
👇
KL79MRSL9TB118139
⚖️
🛎
Торги 03.09.2026г.
+- 10000
😀
(расчетная ставка)
Цена в России (с ремонтом) под
🔧
+- 2.6 млн. руб.
*
стоимость автомобиля,
с учётом таможенных платежей
в размере
600 тыс.руб.
🔎
👹
45556849
расчёт 02.09.2026г.
💵
87"
3607,https://t.me/AutoWorld_Georgia/3607,2026-09-02T10:31:27+00:00,на,,2009,BLUE,🔺,"1.6 hybrid , на 139HP",139.0,4.0л/100км,Робот-6,передний FWD,"""",текстиль,"""сзади справа""",KMHLM4DJ3TU200424,03.09.2026,,2800000,,64558766,02.09.2026,https://storage.yandexcloud.net/viiversion-auto-sale-media/cars/autoworld-3607/main-1790168474624-main-1-0be39c69.jpg | https://storage.yandexcloud.net/viiversion-auto-sale-media/cars/autoworld-3607/other-1790168475287-other-2-de08b45a.jpg | https://storage.yandexcloud.net/viiversion-auto-sale-media/cars/autoworld-3607/other-1790168475889-other-3-683a7d2f.jpg | https://storage.yandexcloud.net/viiversion-auto-sale-media/cars/autoworld-3607/other-1790168476466-other-4-b980f862.jpg | https://storage.yandexcloud.net/viiversion-auto-sale-media/cars/autoworld-3607/other-1790168477062-other-5-3e19fdaa.jpg | https://storage.yandexcloud.net/viiversion-auto-sale-media/cars/autoworld-3607/other-1790168477617-other-6-7513b99c.jpg | https://storage.yandexcloud.net/viiversion-auto-sale-media/cars/autoworld-3607/other-1790168477945-other-7-e58dcfa4.jpg | https://storage.yandexcloud.net/viiversion-auto-sale-media/cars/autoworld-3607/other-1790168478513-other-8-47fca590.jpg,"👤
👤
👤
👤
👤
👤
👤
на 03.09
🌟
Hyundai Elantra 01/26г.
✨
2️⃣
🤩
6️⃣
3️⃣
🔤
🔤
🔤
*
🔹
комплектация
BLUE
🔹
Пробег:
🔺
1500ml
👍
🔹
Двигатель:
1.6 hybrid , на 139HP
🐎
💨
🔹
Расход
: 4.0л/100км
🔺
🔹
Коробка
: Робот-6
🔹
Привод:
передний FWD
🔹
Безопасность: ""
завод
""
🛡
🔹
Салон текстиль
🛋
🔹
Повреждения ""сзади справа""
📜
История автомобиля
👇
KMHLM4DJ3TU200424
⚖️
🛎
Торги 03.09.2026г.
+- 11000
😀
(расчетная ставка)
Цена в России (с ремонтом) под
🔧
+- 2.8 млн. руб.
*
стоимость автомобиля,
с учётом таможенных платежей
в размере
715 тыс.руб.
🔎
👾
64558766
расчёт 02.09.2026г.
💵
87"
3617,https://t.me/AutoWorld_Georgia/3617,2026-09-03T07:08:37+00:00,HYUNDAI,ELANTRA,2021,LIMITED,86600ml,"1.6 hybrid, на 139HP",139.0,4.0л/100км,Робот-6,передний FWD,"""завод""",кожа,,KMHLN4AJ2NU017438,,,,,,03.09.2026,https://storage.yandexcloud.net/viiversion-auto-sale-media/cars/autoworld-3617/main-1790168478832-main-1-b49408e9.jpg | https://storage.yandexcloud.net/viiversion-auto-sale-media/cars/autoworld-3617/other-1790168479231-other-2-c6b486da.jpg | https://storage.yandexcloud.net/viiversion-auto-sale-media/cars/autoworld-3617/other-1790168479808-other-3-8a4499f1.jpg | https://storage.yandexcloud.net/viiversion-auto-sale-media/cars/autoworld-3617/other-1790168480230-other-4-7a1a5356.jpg | https://storage.yandexcloud.net/viiversion-auto-sale-media/cars/autoworld-3617/other-1790168480824-other-5-2e79dd8c.jpg | https://storage.yandexcloud.net/viiversion-auto-sale-media/cars/autoworld-3617/other-1790168481431-other-6-4445f256.jpg | https://storage.yandexcloud.net/viiversion-auto-sale-media/cars/autoworld-3617/other-1790168482069-other-7-d5989c0b.jpg | https://storage.yandexcloud.net/viiversion-auto-sale-media/cars/autoworld-3617/other-1790168482802-other-8-ff4650b4.jpg,"🤩
🤩
🤩
🤩
🤩
🤩
до
1⃣
6⃣
🤩
🌟
HYUNDAI ELANTRA 10/21г.
🚗
✨
2️⃣
🤩
1️⃣
2️⃣
🔤
🔤
🔤
🔹
комплектация
LIMITED
🔹
Пробег:
86600ml
👍
🔹
Двигатель:
1.6 hybrid, на 139HP
🐎
🐎
💨
🔹
Расход:
4.0л/100км
❗️
🔹
Коробка:
Робот-6
🔹
Привод:  передний FWD
🔹
Безопасность ""завод""
🔹
Салон кожа
🛋
, цифровая приборка, электропривод и вентиляция сидений, люк
📜
История автомобиля
👇
KMHLN4AJ2NU017438
🔎
11МА7722321
расчёт 03.09.2026г.
💵
88"
3628,https://t.me/AutoWorld_Georgia/3628,2026-09-05T19:31:38+00:00,на,,2009,Premium,🔺,2.0L на 152HP,152.0,,CVT,полный AWD,"""",текстиль,"""сзади""",JF2GUADC6R8221695,10.09.2026,,2300000,,63490526,05.09.2026,https://storage.yandexcloud.net/viiversion-auto-sale-media/cars/autoworld-3628/main-1790168483300-main-1-fe7530c7.jpg | https://storage.yandexcloud.net/viiversion-auto-sale-media/cars/autoworld-3628/other-1790168483687-other-2-80da4d7b.jpg | https://storage.yandexcloud.net/viiversion-auto-sale-media/cars/autoworld-3628/other-1790168484351-other-3-e4d7f0dc.jpg | https://storage.yandexcloud.net/viiversion-auto-sale-media/cars/autoworld-3628/other-1790168484941-other-4-cbc9b213.jpg | https://storage.yandexcloud.net/viiversion-auto-sale-media/cars/autoworld-3628/other-1790168485550-other-5-19969514.jpg | https://storage.yandexcloud.net/viiversion-auto-sale-media/cars/autoworld-3628/other-1790168485949-other-6-72e81855.jpg | https://storage.yandexcloud.net/viiversion-auto-sale-media/cars/autoworld-3628/other-1790168486284-other-7-076e37c2.jpg | https://storage.yandexcloud.net/viiversion-auto-sale-media/cars/autoworld-3628/other-1790168486641-other-8-27532409.jpg,"👤
👤
👤
👤
👤
👤
👤
на 10.09
🌟
Subaru Crosstrek (рест) 04/23г.
✨
2️⃣
🤩
1️⃣
5️⃣
🔤
🔤
🔤
*
🔹
комплектация
Premium
🔹
Пробег:
🔺
21400ml
👍
🔹
Двигатель:
2.0L на 152HP
🐎
💨
🔹
Коробка
: CVT
🔹
Привод:
полный AWD
🔹
Безопасность: ""
завод
""
🛡
🔹
Салон текстиль
🛋
🔹
Повреждения ""сзади""
📜
История автомобиля
👇
JF2GUADC6R8221695
⚖️
🛎
Торги 10.09.2026г.
+- 9000
😀
(расчетная ставка)
Цена
в России (
с ремонтом
) под
🔧
+- 2.3 млн. руб.
*
стоимость автомобиля,
с учётом таможенных платежей
в размере
555 тыс.руб.
🔎
👾
63490526
расчёт 05.09.2026г.
💵
87"
3637,https://t.me/AutoWorld_Georgia/3637,2026-09-05T20:43:16+00:00,на,,2009,Limited,🔺,"HYBRID 1,6L на 139HP",139.0,4.5л/100км,Робот-6,передний FWD,"""",кожа,"""спереди""",KMHLN4DJ3RU097382,08.09.2026,,2150000,,60085896,05.09.2026,https://storage.yandexcloud.net/viiversion-auto-sale-media/cars/autoworld-3637/main-1790168487205-main-1-c178c30d.jpg | https://storage.yandexcloud.net/viiversion-auto-sale-media/cars/autoworld-3637/other-1790168487793-other-2-f410cacc.jpg | https://storage.yandexcloud.net/viiversion-auto-sale-media/cars/autoworld-3637/other-1790168488371-other-3-8b8ec4d6.jpg | https://storage.yandexcloud.net/viiversion-auto-sale-media/cars/autoworld-3637/other-1790168488951-other-4-58037d8b.jpg | https://storage.yandexcloud.net/viiversion-auto-sale-media/cars/autoworld-3637/other-1790168489623-other-5-8b97739c.jpg | https://storage.yandexcloud.net/viiversion-auto-sale-media/cars/autoworld-3637/other-1790168490212-other-6-b29000e9.jpg | https://storage.yandexcloud.net/viiversion-auto-sale-media/cars/autoworld-3637/other-1790168490781-other-7-5c4aad6d.jpg | https://storage.yandexcloud.net/viiversion-auto-sale-media/cars/autoworld-3637/other-1790168491347-other-8-9483373d.jpg,"👤
👤
👤
👤
👤
👤
👤
на 08.09
🌟
Hyundai Elantra 12/23г.
✨
1️⃣
🤩
9️⃣
7️⃣
🔤
🔤
🔤
*
🔹
комплектация
Limited
🔹
Пробег:
🔺
42400ml
👍
🔹
Двигатель:
HYBRID 1,6L на 139HP
🐎
💨
🔹
Расход:
4.5л/100км
❗️
🔹
Коробка
: Робот-6
🔹
Привод:
передний FWD
🔹
Безопасность: ""
завод
""
🛡
🔹
Салон кожа
🛋
🔹
Повреждения ""спереди""
📜
История автомобиля
👇
KMHLN4DJ3RU097382
⚖️
🛎
Торги 08.09.2026г.
+- 8000
😀
(расчетная ставка)
Цена
в России (
с ремонтом
) под
🔧
+- 2.15 млн. руб.
*
стоимость автомобиля,
с учётом таможенных платежей
в размере
415 тыс.руб.
🔎
👾
60085896
расчёт 05.09.2026г.
💵
87"
3647,https://t.me/AutoWorld_Georgia/3647,2026-09-06T09:40:29+00:00,на,,2009,Tradesman,🔺,"ДИЗЕЛЬ 6,7L на 430HP",430.0,,АКПП,полный АWD,"""",текстиль,"""механическое""",3C63R5CL0TG208568,08.09.2026,,6800000,,64820586,06.09.2026,https://storage.yandexcloud.net/viiversion-auto-sale-media/cars/autoworld-3647/main-1790168491981-main-1-4b73bba2.jpg | https://storage.yandexcloud.net/viiversion-auto-sale-media/cars/autoworld-3647/other-1790168492571-other-2-2c452c5e.jpg | https://storage.yandexcloud.net/viiversion-auto-sale-media/cars/autoworld-3647/other-1790168493153-other-3-b62aa2ca.jpg | https://storage.yandexcloud.net/viiversion-auto-sale-media/cars/autoworld-3647/other-1790168493853-other-4-d1a79b9a.jpg | https://storage.yandexcloud.net/viiversion-auto-sale-media/cars/autoworld-3647/other-1790168494464-other-5-82708e5f.jpg | https://storage.yandexcloud.net/viiversion-auto-sale-media/cars/autoworld-3647/other-1790168494884-other-7-83f3ce8a.jpg | https://storage.yandexcloud.net/viiversion-auto-sale-media/cars/autoworld-3647/other-1790168495207-other-8-fb993faf.jpg,"👤
👤
👤
👤
👤
👤
👤
на 08.09
🌟
RAM 2500 09/25г.
✨
6️⃣
🤩
5️⃣
7️⃣
🔤
🔤
🔤
*
🔹
комплектация
Tradesman
🔹
Пробег:
🔺
23300ml
👍
🔹
Двигатель:
ДИЗЕЛЬ 6,7L на 430HP
🐎
💨
🔹
Коробка
: АКПП
🔹
Привод:
полный АWD
🔹
Безопасность: ""
завод
""
🛡
🔹
Салон текстиль
🛋
🔹
Повреждения ""механическое""
📜
История автомобиля
👇
3C63R5CL0TG208568
⚖️
🛎
Торги 08.09.2026г.
+- 35000
😀
(расчетная ставка)
Цена
в России (
с ремонтом
) под
🔧
+- 6.8 млн. руб.
*
стоимость автомобиля,
с учётом таможенных платежей
в размере
2170 тыс.руб.
🔎
👾
64820586
расчёт 06.09.2026г.
💵
87"
3657,https://t.me/AutoWorld_Georgia/3657,2026-09-06T10:12:26+00:00,на,,2009,DENALI,🔺,ДИЗЕЛЬ 3.0L на 305HP,305.0,,АКПП-10,полный АWD,"""",кожа,"""сзади""",3GTUUGE81TG323695,08.09.2026,,7400000,,45639929,06.09.2026,https://storage.yandexcloud.net/viiversion-auto-sale-media/cars/autoworld-3657/main-1790168495617-main-1-3f459255.jpg | https://storage.yandexcloud.net/viiversion-auto-sale-media/cars/autoworld-3657/other-1790168496020-other-2-689b0c44.jpg | https://storage.yandexcloud.net/viiversion-auto-sale-media/cars/autoworld-3657/other-1790168496501-other-3-72d4d467.jpg | https://storage.yandexcloud.net/viiversion-auto-sale-media/cars/autoworld-3657/other-1790168496880-other-4-d58d9124.jpg | https://storage.yandexcloud.net/viiversion-auto-sale-media/cars/autoworld-3657/other-1790168497508-other-5-146d32f4.jpg | https://storage.yandexcloud.net/viiversion-auto-sale-media/cars/autoworld-3657/other-1790168497952-other-6-b70328de.jpg | https://storage.yandexcloud.net/viiversion-auto-sale-media/cars/autoworld-3657/other-1790168498693-other-8-59042774.jpg,"👤
👤
👤
👤
👤
👤
👤
на 08.09
🌟
GMC Sierra 1500 03/26г.
✨
7️⃣
🤩
1️⃣
7️⃣
🔤
🔤
🔤
*
🔹
комплектация
DENALI
🔹
Пробег:
🔺
303ml
👍
🔹
Двигатель:
ДИЗЕЛЬ 3.0L на 305HP
🐎
💨
🔹
Коробка
: АКПП-10
🔹
Привод:
полный АWD
🔹
Безопасность: ""
завод
""
🛡
🔹
Салон кожа
🛋
🔹
Повреждения ""сзади""
📜
История автомобиля
👇
3GTUUGE81TG323695
⚖️
🛎
Торги 08.09.2026г.
+- 40000
😀
(расчетная ставка)
Цена
в России (
с ремонтом
) под
🔧
+- 7.4 млн. руб.
*
стоимость автомобиля,
с учётом таможенных платежей
в размере
2350 тыс.руб.
🔎
👹
45639929
расчёт 06.09.2026г.
💵
87"
3667,https://t.me/AutoWorld_Georgia/3667,2026-09-07T01:48:41+00:00,Kia,Forte,2021,FE,37000ml,"2,0l на 147HP",147.0,,CVT,передний,"""завод""",текстиль,,3KPF24AD0NE445365,,,,,,06.09.2026,https://storage.yandexcloud.net/viiversion-auto-sale-media/cars/autoworld-3667/main-1790168499528-main-1-06d5089f.jpg | https://storage.yandexcloud.net/viiversion-auto-sale-media/cars/autoworld-3667/other-1790168500117-other-2-66ed02d3.jpg | https://storage.yandexcloud.net/viiversion-auto-sale-media/cars/autoworld-3667/other-1790168500804-other-3-ce58732b.jpg | https://storage.yandexcloud.net/viiversion-auto-sale-media/cars/autoworld-3667/other-1790168501380-other-4-20cb5158.jpg | https://storage.yandexcloud.net/viiversion-auto-sale-media/cars/autoworld-3667/other-1790168501696-other-5-e2c2ab16.jpg | https://storage.yandexcloud.net/viiversion-auto-sale-media/cars/autoworld-3667/other-1790168502013-other-6-3b3364ac.jpg | https://storage.yandexcloud.net/viiversion-auto-sale-media/cars/autoworld-3667/other-1790168502328-other-7-4cf8cdba.jpg | https://storage.yandexcloud.net/viiversion-auto-sale-media/cars/autoworld-3667/other-1790168502803-other-8-70b65ace.jpg,"🤩
🤩
🤩
🤩
🤩
🤩
до
1⃣
6⃣
🤩
🌟
Kia Forte 12/2021г.
🚗
✨
2️⃣
🤩
1️⃣
3️⃣
🔤
🔤
🔤
🔹
комплектация
FE
🔹
Пробег:
37000ml
👍
🔹
Двигатель:
2,0l на 147HP
🐎
🐎
💨
🔹
Коробка:
CVT
🔹
Привод:  передний
FWD
🔹
Безопасность ""завод""
🔹
Салон текстиль
🛋
📜
История автомобиля
👇
3KPF24AD0NE445365
🔎
0409АРГ1759
расчёт 06.09.2026г.
💵
87"
3677,https://t.me/AutoWorld_Georgia/3677,2026-09-07T01:52:22+00:00,TOYOTA,Prius,2022,XLE,39400ml,HYBRID 1.8l на 148HP,148.0,4.5л/100км,CVT,передний,"""завод""",кожа,,JTDKAMFU7N3190201,,,,,,06.09.2026,https://storage.yandexcloud.net/viiversion-auto-sale-media/cars/autoworld-3677/main-1790168503141-main-1-056326cb.jpg | https://storage.yandexcloud.net/viiversion-auto-sale-media/cars/autoworld-3677/other-1790168503741-other-2-42d937b1.jpg | https://storage.yandexcloud.net/viiversion-auto-sale-media/cars/autoworld-3677/other-1790168505235-other-3-e6a705da.jpg | https://storage.yandexcloud.net/viiversion-auto-sale-media/cars/autoworld-3677/other-1790168505876-other-4-f3999fd6.jpg | https://storage.yandexcloud.net/viiversion-auto-sale-media/cars/autoworld-3677/other-1790168506429-other-5-2dfaefcd.jpg | https://storage.yandexcloud.net/viiversion-auto-sale-media/cars/autoworld-3677/other-1790168507002-other-6-3ade5e81.jpg | https://storage.yandexcloud.net/viiversion-auto-sale-media/cars/autoworld-3677/other-1790168507536-other-7-7595fbe5.jpg | https://storage.yandexcloud.net/viiversion-auto-sale-media/cars/autoworld-3677/other-1790168508074-other-8-57b65c54.jpg,"🤩
🤩
🤩
🤩
🤩
🤩
до
1⃣
6⃣
🤩
🌟
TOYOTA Prius 11/2022г.
🚗
✨
2️⃣
🤩
4️⃣
6️⃣
🔤
🔤
🔤
🔹
комплектация
XLE
🔹
Пробег:
39400ml
👍
🔹
Двигатель:
HYBRID 1.8l на 148HP
🐎
💨
🔹
Расход: 4.5л/100км
❗️
🔹
Коробка:
CVT
🔹
Привод:  передний
FWD
🔹
Безопасность ""завод""
🔹
Салон кожа
🛋
, подогрев сидений, руля и зеркал. Дистроник, BSM, мертвые зоны, удержание в полосе.
Круиз контроль адаптивный.
Подсветка салона и дверей.
Все фары и туманки оригинал.
Стекла все оригинальные родные.
Беспроводная зарядка.
Паркинги спереди и сзади.
Авто парковка.
Автоматический свет.
Предупреждение столкновений спереди и сзади с автоматическим торможением.
📜
История автомобиля
👇
JTDKAMFU7N3190201
🔎
0309АРГ2145
расчёт 06.09.2026г.
💵
87"
3685,https://t.me/AutoWorld_Georgia/3685,2026-09-07T01:55:19+00:00,Hyundai,Kona,2022,SEL,26000ml,"2,0l на 147HP",147.0,,CVT,полный,"""завод""",текстиль,,KM8K3CAB0NU898919,,,,,,06.09.2026,https://storage.yandexcloud.net/viiversion-auto-sale-media/cars/autoworld-3685/main-1790168508660-main-1-3773210c.jpg | https://storage.yandexcloud.net/viiversion-auto-sale-media/cars/autoworld-3685/other-1790168509243-other-2-3bef48c6.jpg | https://storage.yandexcloud.net/viiversion-auto-sale-media/cars/autoworld-3685/other-1790168509681-other-3-03a3f8d5.jpg | https://storage.yandexcloud.net/viiversion-auto-sale-media/cars/autoworld-3685/other-1790168510139-other-4-a4a01f31.jpg | https://storage.yandexcloud.net/viiversion-auto-sale-media/cars/autoworld-3685/other-1790168510458-other-5-32bbf520.jpg | https://storage.yandexcloud.net/viiversion-auto-sale-media/cars/autoworld-3685/other-1790168511000-other-6-4472d5a4.jpg | https://storage.yandexcloud.net/viiversion-auto-sale-media/cars/autoworld-3685/other-1790168511366-other-7-abc01ffe.jpg | https://storage.yandexcloud.net/viiversion-auto-sale-media/cars/autoworld-3685/other-1790168511675-other-8-ba30888a.jpg,"🤩
🤩
🤩
🤩
🤩
🤩
до
1⃣
6⃣
🤩
🌟
Hyundai Kona 03/2022г.
🚗
✨
2️⃣
🤩
🔤
8️⃣
🔤
🔤
🔤
🔹
комплектация
SEL
🔹
Пробег:
26000ml
👍
🔹
Двигатель:
2,0l на 147HP
🐎
💨
🔹
Коробка:
CVT
🔹
Привод:  полный
AWD
🔹
Безопасность ""завод""
🔹
Салон текстиль
🛋
📜
История автомобиля
👇
KM8K3CAB0NU898919
🔎
97MA1201321
расчёт 06.09.2026г.
💵
87"
3695,https://t.me/AutoWorld_Georgia/3695,2026-09-07T01:56:36+00:00,HYUNDAI,Venue,2023,SEL,20000ml,1.6l на 122HP,122.0,,CVT,передний,"""80% завод""",текстиль,,KMHRC8A3XPU265027,,,,,,06.09.2026,https://storage.yandexcloud.net/viiversion-auto-sale-media/cars/autoworld-3695/main-1790168512262-main-1-8128b95b.jpg | https://storage.yandexcloud.net/viiversion-auto-sale-media/cars/autoworld-3695/other-1790168513760-other-2-ee816702.jpg | https://storage.yandexcloud.net/viiversion-auto-sale-media/cars/autoworld-3695/other-1790168514373-other-3-2057aa7d.jpg | https://storage.yandexcloud.net/viiversion-auto-sale-media/cars/autoworld-3695/other-1790168514804-other-4-e50b29ca.jpg | https://storage.yandexcloud.net/viiversion-auto-sale-media/cars/autoworld-3695/other-1790168515352-other-5-162ec260.jpg | https://storage.yandexcloud.net/viiversion-auto-sale-media/cars/autoworld-3695/other-1790168515945-other-6-55283f4c.jpg | https://storage.yandexcloud.net/viiversion-auto-sale-media/cars/autoworld-3695/other-1790168516274-other-7-020c42c0.jpg | https://storage.yandexcloud.net/viiversion-auto-sale-media/cars/autoworld-3695/other-1790168516917-other-8-79342e73.jpg,"🤩
🤩
🤩
🤩
🤩
🤩
до
1⃣
6⃣
🤩
🌟
HYUNDAI Venue 05/2023г.
🚗
✨
1️⃣
🤩
9️⃣
5️⃣
🔤
🔤
🔤
🔹
комплектация
SEL
🔹
Пробег:
20000ml
👍
🔹
Двигатель:
1.6l на 122HP
🐎
💨
🔹
Коробка:
CVT
🔹
Привод:  передний
FWD
🔹
Безопасность ""80% завод""
🔹
Салон текстиль
🛋
, цифровая приборка, Подогревы передних сидений и руля.
BSM, мертвые зоны, удержание в полосе, круиз контроль, предупреждение столкновений при движении спереди и сзади с автоматическим торможением.
Бесключевой доступ. Старт-стоп.
📜
История автомобиля
👇
KMHRC8A3XPU265027
🔎
0209АРГ2304
расчёт 06.09.2026г.
💵
87"
3703,https://t.me/AutoWorld_Georgia/3703,2026-09-08T08:54:11+00:00,на,,2009,EX,🔺,2.0L на 147HP,147.0,6 / 7 / 8л,IVT,передний FWD,"""",кожа,"""спереди""",3KPFU4DE6TE311780,09.09.2026,,2970000,,45547100,08.09.2026,https://storage.yandexcloud.net/viiversion-auto-sale-media/cars/autoworld-3703/main-1790168517258-main-1-e031922f.jpg | https://storage.yandexcloud.net/viiversion-auto-sale-media/cars/autoworld-3703/other-1790168517801-other-2-7e9b8fa7.jpg | https://storage.yandexcloud.net/viiversion-auto-sale-media/cars/autoworld-3703/other-1790168518124-other-3-64430b53.jpg | https://storage.yandexcloud.net/viiversion-auto-sale-media/cars/autoworld-3703/other-1790168518540-other-4-6a4a52d4.jpg | https://storage.yandexcloud.net/viiversion-auto-sale-media/cars/autoworld-3703/other-1790168519000-other-5-96534b74.jpg | https://storage.yandexcloud.net/viiversion-auto-sale-media/cars/autoworld-3703/other-1790168519424-other-6-4b0fb34b.jpg | https://storage.yandexcloud.net/viiversion-auto-sale-media/cars/autoworld-3703/other-1790168520160-other-7-19612a90.jpg | https://storage.yandexcloud.net/viiversion-auto-sale-media/cars/autoworld-3703/other-1790168520929-other-8-eee20ea4.jpg,"👤
👤
👤
👤
👤
👤
👤
на 09.09
🌟
KIA K4 03/26г.
✨
2️⃣
🤩
7️⃣
7️⃣
🔤
🔤
🔤
*
🔹
комплектация
EX
🔹
Пробег:
🔺
393ml
👍
🔹
Двигатель:
2.0L на 147HP
🐎
💨
🔹
Расход:
6 / 7 / 8л
❗️
🔹
Коробка
: IVT
🔹
Привод:
передний FWD
🔹
Безопасность: ""
завод
""
🛡
🔹
Салон кожа
🛋
🔹
Повреждения ""спереди""
📜
История автомобиля
👇
3KPFU4DE6TE311780
⚖️
🛎
Торги 09.09.2026г.
+- 12000
😀
(расчетная ставка)
Цена
в России (
с ремонтом
) под
🔧
+- 2.97 млн. руб.
*
стоимость автомобиля,
с учётом таможенных платежей
в размере
720 тыс.руб.
🔎
👹
45547100
расчёт 08.09.2026г.
💵
87"
3713,https://t.me/AutoWorld_Georgia/3713,2026-09-08T10:42:48+00:00,на,,2009,GRAN COUPE,🔺,2.0L на 241HP,241.0,,АКПП-8,передний FWD,"""",кожа,"""незначительные""",WBA83GG09T7U55530,08.09.2026,,4300000,,45925489,08.09.2026,https://storage.yandexcloud.net/viiversion-auto-sale-media/cars/autoworld-3713/main-1790168521592-main-1-7b7554de.jpg | https://storage.yandexcloud.net/viiversion-auto-sale-media/cars/autoworld-3713/other-1790168522256-other-2-53a599b4.jpg | https://storage.yandexcloud.net/viiversion-auto-sale-media/cars/autoworld-3713/other-1790168522776-other-3-8fe1c843.jpg | https://storage.yandexcloud.net/viiversion-auto-sale-media/cars/autoworld-3713/other-1790168523372-other-4-c61706fb.jpg | https://storage.yandexcloud.net/viiversion-auto-sale-media/cars/autoworld-3713/other-1790168523792-other-5-a35feb78.jpg | https://storage.yandexcloud.net/viiversion-auto-sale-media/cars/autoworld-3713/other-1790168524200-other-6-16ce37b3.jpg | https://storage.yandexcloud.net/viiversion-auto-sale-media/cars/autoworld-3713/other-1790168524832-other-7-f9a0ae83.jpg | https://storage.yandexcloud.net/viiversion-auto-sale-media/cars/autoworld-3713/other-1790168525465-other-8-e4e49f61.jpg,"👤
👤
👤
👤
👤
👤
👤
на 08.09
🌟
BMW 228 10/25г.
✨
4️⃣
🤩
1️⃣
3️⃣
🔤
🔤
🔤
*
🔹
комплектация
GRAN COUPE
🔹
Пробег:
🔺
15500ml
👍
🔹
Двигатель:
2.0L на 241HP
🐎
💨
🔹
Коробка
: АКПП-8
🔹
Привод:
передний FWD
🔹
Безопасность: ""
завод
""
🛡
🔹
Салон кожа
🛋
🔹
Повреждения ""незначительные""
📜
История автомобиля
👇
WBA83GG09T7U55530
⚖️
🛎
Торги 08.09.2026г.
+- 15000
😀
(расчетная ставка)
Цена
в России (
с ремонтом
) под
🔧
+- 4.3 млн. руб.
*
стоимость автомобиля,
с учётом таможенных платежей
в размере
1810 тыс.руб.
🔎
👹
45925489
расчёт 08.09.2026г.
💵
87"
3723,https://t.me/AutoWorld_Georgia/3723,2026-09-10T01:30:42+00:00,,,,R-Line,32000km,"1,0l на 110HP",110.0,,DSG,передний,"""завод""",текстиль,,,,,,,,10.09.2026,https://storage.yandexcloud.net/viiversion-auto-sale-media/cars/autoworld-3723/main-1790168526008-main-1-6b481ff1.jpg | https://storage.yandexcloud.net/viiversion-auto-sale-media/cars/autoworld-3723/other-1790168526579-other-2-4ec799f5.jpg | https://storage.yandexcloud.net/viiversion-auto-sale-media/cars/autoworld-3723/other-1790168527130-other-3-cc3a621e.jpg | https://storage.yandexcloud.net/viiversion-auto-sale-media/cars/autoworld-3723/other-1790168527662-other-4-900bc3f1.jpg | https://storage.yandexcloud.net/viiversion-auto-sale-media/cars/autoworld-3723/other-1790168528003-other-5-9d414b6b.jpg | https://storage.yandexcloud.net/viiversion-auto-sale-media/cars/autoworld-3723/other-1790168528548-other-6-6d1bc7fb.jpg | https://storage.yandexcloud.net/viiversion-auto-sale-media/cars/autoworld-3723/other-1790168529099-other-7-a4388986.jpg | https://storage.yandexcloud.net/viiversion-auto-sale-media/cars/autoworld-3723/other-1790168529509-other-8-168fd2ae.jpg,"🤩
🤩
🤩
🤩
🤩
🤩
до
1⃣
6⃣
🤩
🌟
Volkswagen T-Cross 2022г.
🚗
✨
1️⃣
🤩
9️⃣
3️⃣
🔤
🔤
🔤
🔹
комплектация
R-Line
🔹
Пробег:
32000km
👍
🔹
Двигатель:
1,0l на 110HP
🐎
💨
🔹
Коробка:
DSG
🔹
Привод:  передний
FWD
🔹
Безопасность ""завод""
🔹
Салон текстиль
🛋
расчёт 10.09.2026г.
💵
86"
3733,https://t.me/AutoWorld_Georgia/3733,2026-09-10T01:47:43+00:00,на,,2009,Limited,🔺,"HYBRID 1,6L на 139HP",139.0,4.5л/100км,Робот-6,передний FWD,"""завод""",…,,,,,,,,,https://storage.yandexcloud.net/viiversion-auto-sale-media/cars/autoworld-3733/main-1790168529880-main-1-cea2454d.jpg,"👤
👤
👤
👤
👤
👤
👤
на 08.09
🌟
Hyundai Elantra 12/23г.
✨
1️⃣
🤩
9️⃣
7️⃣
🔤
🔤
🔤
*
🔹
комплектация Limited
🔹
Пробег:
🔺
42400ml
👍
🔹
Двигатель: HYBRID 1,6L на 139HP
🐎
💨
🔹
Расход: 4.5л/100км
❗️
🔹
Коробка: Робот-6
🔹
Привод: передний FWD
🔹
Безопасность: ""завод""
🛡
🔹
Салон…"
3734,https://t.me/AutoWorld_Georgia/3734,2026-09-10T01:55:54+00:00,на,,2009,Tradesman,🔺,"ДИЗЕЛЬ 6,7L на 430HP",430.0,,АКПП,полный АWD,"""завод""",текстиль,"""механическое""…",,,,,,,,https://storage.yandexcloud.net/viiversion-auto-sale-media/cars/autoworld-3734/main-1790168530316-main-1-71fb18f5.jpg,"👤
👤
👤
👤
👤
👤
👤
на 08.09
🌟
RAM 2500 09/25г.
✨
6️⃣
🤩
5️⃣
7️⃣
🔤
🔤
🔤
*
🔹
комплектация Tradesman
🔹
Пробег:
🔺
23300ml
👍
🔹
Двигатель: ДИЗЕЛЬ 6,7L на 430HP
🐎
💨
🔹
Коробка: АКПП
🔹
Привод: полный АWD
🔹
Безопасность: ""завод""
🛡
🔹
Салон текстиль
🛋
🔹
Повреждения ""механическое""…"
3735,https://t.me/AutoWorld_Georgia/3735,2026-09-10T02:00:07+00:00,на,,2009,EX,🔺,2.0L на 147HP,147.0,6 / 7 / 8л,IVT,передний FWD,"""завод""",кожа,"""спереди""…",,,,,,,,https://storage.yandexcloud.net/viiversion-auto-sale-media/cars/autoworld-3735/main-1790168530712-main-1-55c866b4.jpg,"👤
👤
👤
👤
👤
👤
👤
на 09.09
🌟
KIA K4 03/26г.
✨
2️⃣
🤩
7️⃣
7️⃣
🔤
🔤
🔤
*
🔹
комплектация EX
🔹
Пробег:
🔺
393ml
👍
🔹
Двигатель: 2.0L на 147HP
🐎
💨
🔹
Расход:  6 / 7 / 8л
❗️
🔹
Коробка: IVT
🔹
Привод: передний FWD
🔹
Безопасность: ""завод""
🛡
🔹
Салон кожа
🛋
🔹
Повреждения ""спереди""…"
3736,https://t.me/AutoWorld_Georgia/3736,2026-09-10T02:11:01+00:00,на,,2009,GRAN COUPE,🔺,2.0L на 241HP,241.0,,АКПП-8,передний FWD,"""завод""",кожа,"""незначительные""…",,,,,,,,https://storage.yandexcloud.net/viiversion-auto-sale-media/cars/autoworld-3736/main-1790168531113-main-1-70cfe6ac.jpg,"👤
👤
👤
👤
👤
👤
👤
на 08.09
🌟
BMW 228 10/25г.
✨
4️⃣
🤩
1️⃣
3️⃣
🔤
🔤
🔤
*
🔹
комплектация GRAN COUPE
🔹
Пробег:
🔺
15500ml
👍
🔹
Двигатель: 2.0L на 241HP
🐎
💨
🔹
Коробка: АКПП-8
🔹
Привод: передний FWD
🔹
Безопасность: ""завод""
🛡
🔹
Салон кожа
🛋
🔹
Повреждения ""незначительные""…"
3737,https://t.me/AutoWorld_Georgia/3737,2026-09-10T02:23:40+00:00,KIA,Seltos,2022,S,44100ml,"2,0l на 147HP",147.0,,CVT,передний,"""восстановлена""",комбинированный,,KNDEU2AA8P7432432,,,,,,10.09.2026,https://storage.yandexcloud.net/viiversion-auto-sale-media/cars/autoworld-3737/main-1790168532028-main-1-999432ff.jpg | https://storage.yandexcloud.net/viiversion-auto-sale-media/cars/autoworld-3737/other-1790168532662-other-2-f0c740f5.jpg | https://storage.yandexcloud.net/viiversion-auto-sale-media/cars/autoworld-3737/other-1790168533211-other-3-fc2c3242.jpg | https://storage.yandexcloud.net/viiversion-auto-sale-media/cars/autoworld-3737/other-1790168534065-other-4-a0ba9b6d.jpg | https://storage.yandexcloud.net/viiversion-auto-sale-media/cars/autoworld-3737/other-1790168534651-other-5-dfc19532.jpg | https://storage.yandexcloud.net/viiversion-auto-sale-media/cars/autoworld-3737/other-1790168535232-other-6-457e00e3.jpg | https://storage.yandexcloud.net/viiversion-auto-sale-media/cars/autoworld-3737/other-1790168535792-other-7-ee15f028.jpg | https://storage.yandexcloud.net/viiversion-auto-sale-media/cars/autoworld-3737/other-1790168536141-other-8-299e1641.jpg,"🤩
🤩
🤩
🤩
🤩
🤩
до
1⃣
6⃣
🤩
🌟
KIA Seltos 12/2022г.
🚗
✨
2️⃣
🤩
1️⃣
6️⃣
🔤
🔤
🔤
🔹
комплектация
S
🔹
Пробег:
44100ml
👍
🔹
Двигатель:
2,0l на 147HP
🐎
💨
🔹
Коробка:
CVT
🔹
Привод:  передний
FWD
🔹
Безопасность ""восстановлена""
🔹
Салон комбинированный
🛋
📜
История автомобиля
👇
KNDEU2AA8P7432432
🔎
0909ГТ
расчёт 10.09.2026г.
💵
86"
3747,https://t.me/AutoWorld_Georgia/3747,2026-09-10T02:37:46+00:00,,,,GT-Line,75000ml,"2,0l на 147HP",147.0,,CVT,передний,"""90% завод""",кожа,,KNDJ53AU2P7840145,,,,,,10.09.2026,https://storage.yandexcloud.net/viiversion-auto-sale-media/cars/autoworld-3747/main-1790168536707-main-1-9c343dc9.jpg | https://storage.yandexcloud.net/viiversion-auto-sale-media/cars/autoworld-3747/other-1790168537297-other-2-04a3f622.jpg | https://storage.yandexcloud.net/viiversion-auto-sale-media/cars/autoworld-3747/other-1790168537859-other-3-b5a18a6f.jpg | https://storage.yandexcloud.net/viiversion-auto-sale-media/cars/autoworld-3747/other-1790168538254-other-4-d9dd0fe3.jpg | https://storage.yandexcloud.net/viiversion-auto-sale-media/cars/autoworld-3747/other-1790168538856-other-5-8d72b5b8.jpg | https://storage.yandexcloud.net/viiversion-auto-sale-media/cars/autoworld-3747/other-1790168539248-other-6-95c573cb.jpg,"🤩
🤩
🤩
🤩
🤩
🤩
до
1⃣
6⃣
🤩
🌟
KIA Sou
l
05/2022г.
🚗
✨
2️⃣
🤩
🔤
7️⃣
🔤
🔤
🔤
🔹
комплектация
GT-Line
🔹
Пробег:
75000ml
👍
🔹
Двигатель:
2,0l на 147HP
🐎
💨
🔹
Коробка:
CVT
🔹
Привод:  передний
FWD
🔹
Безопасность ""90% завод""
🔹
Салон кожа
🛋
📜
История автомобиля
👇
KNDJ53AU2P7840145
🔎
0909АРГ0049
расчёт 10.09.2026г.
💵
86"
3752,https://t.me/AutoWorld_Georgia/3752,2026-09-10T02:59:50+00:00,,,,EX,21300ml,"2,0l на 147HP",147.0,,CVT,передний,"""90% завод""",текстиль,,KNDJ23AU3P7894711,,,,,,10.09.2026,https://storage.yandexcloud.net/viiversion-auto-sale-media/cars/autoworld-3752/main-1790168539851-main-1-ad026f04.jpg | https://storage.yandexcloud.net/viiversion-auto-sale-media/cars/autoworld-3752/other-1790168540460-other-2-0e3c5865.jpg | https://storage.yandexcloud.net/viiversion-auto-sale-media/cars/autoworld-3752/other-1790168541043-other-3-8614d568.jpg | https://storage.yandexcloud.net/viiversion-auto-sale-media/cars/autoworld-3752/other-1790168541497-other-4-67523e94.jpg | https://storage.yandexcloud.net/viiversion-auto-sale-media/cars/autoworld-3752/other-1790168541853-other-5-d83c3a30.jpg | https://storage.yandexcloud.net/viiversion-auto-sale-media/cars/autoworld-3752/other-1790168542236-other-6-96fa2593.jpg,"🤩
🤩
🤩
🤩
🤩
🤩
до
1⃣
6⃣
🤩
🌟
KIA Sou
l
06/2023г.
🚗
✨
2️⃣
🤩
1️⃣
1️⃣
🔤
🔤
🔤
🔹
комплектация
EX
🔹
Пробег:
21300ml
👍
🔹
Двигатель:
2,0l на 147HP
🐎
💨
🔹
Коробка:
CVT
🔹
Привод:  передний
FWD
🔹
Безопасность ""90% завод""
🔹
Салон текстиль
🛋
📜
История автомобиля
👇
KNDJ23AU3P7894711
🔎
0909АРГ1326
расчёт 10.09.2026г.
💵
86"
3828,https://t.me/AutoWorld_Georgia/3828,2026-09-15T13:23:32+00:00,на,,2009,GRAN COUPE,🔺,2.0L на 241HP,241.0,,АКПП-8,передний FWD,"""завод""",кожа,"""незначительные""…",,,,,,,,https://storage.yandexcloud.net/viiversion-auto-sale-media/cars/autoworld-3828/main-1790168542656-main-1-1270933f.jpg,"👤
👤
👤
👤
👤
👤
👤
на 08.09
🌟
BMW 228 10/25г.
✨
4️⃣
🤩
1️⃣
3️⃣
🔤
🔤
🔤
*
🔹
комплектация GRAN COUPE
🔹
Пробег:
🔺
15500ml
👍
🔹
Двигатель: 2.0L на 241HP
🐎
💨
🔹
Коробка: АКПП-8
🔹
Привод: передний FWD
🔹
Безопасность: ""завод""
🛡
🔹
Салон кожа
🛋
🔹
Повреждения ""незначительные""…"
